"TITLE:","",""
"DATE:","","Wed Jan 03 03:36:53 1990"
"COMMENT:","",""
"FROM FILE:","","FEB12.D00"
"TIME FROM START:","","0 (s)"
"EXTRACTION:","","PART-AVERAGE"

"TIME (s)","LA","COUNTS","BIOMASS","DEPTH (m)","FLOW","FLUOR","GPS","BINS"
1.9345882e-19,544104778,807416624,2.6706955e-06,1.5179501e-19,6.738388e-10,1.9114378e-18,"b'F0\x0b""H0\x0c""G0'",809902605,810033678,809968143,809902608,810033681,809902610,810033683,810033684,809902613,810033686,571084823,572010566,572076104,572141638,572207176,572272710,572338247,572403783,572469318,572534856,572600390,572665928,572731464,572796998
2.238723e-18,572928071,572993606,2.2793806e-18,2.292933e-18,2.3064852e-18,2.3200381e-18,"b'H0,""F0-""F0'",810033710,810033711,809902640,809902641,810033714,810033715,810033716,809902645,809902646,810033719,810033720,810033721,810033722,809902651,809902652,809902653,809968190,810033727,810033728,810033729,570822722,272838728,571084809,272904264
7.2444134e-10,268963909,571150343,3.9085806e-29,7.20805e-10,2.643938e-29,2.8805782e-29,"b'\x06\x10\x08""G0H\x10\n\x10'",269225992,270143498,809902602,269291593,269225992,809902606,268963914,269225994,571150344,273363015,570953737,273428550,809902600,269619277,571019271,273559623,269029401,809902610,269488207,809902605,571215952,273756230,572133393,273821766
7.244422e-10,269488211,809968136,2.9397647e-29,2.060833e-18,4.2044038e-29,2.72281e-29,"b'\x08\x10\x08""H0V\x10\x10\x10'",268963847,810033671,269094999,269160458,810033673,571150424,274280520,571019278,274346056,269422601,810033693,269357147,809902601,809902684,809902685,268963934,269684749,809968136,269029471,571084812,576729160,274804808,268832778,810033672
7.244464e-10,269226083,809968137,1.8169064e-18,4.5199475e-29,7.2080414e-10,1.8575643e-18,"b'G0g\x10\x08\x10\x08""H0'",268963944,268963851,810033673,268898409,809968135,269160554,269029386,809902604,809902699,570888300,275591240,810033672,269029486,572067854,275722311,269160458,809968135,269160560,809902601,269095025,810033679,570888306,275984456,270012424
7.2444145e-10,269357172,809902600,2.683395e-29,7.244415e-10,2.7425598e-29,7.280795e-10,"b'w\x10\x08""H0x""G0'",571543673,578433094,276508744,571478046,276574280,809902601,269160573,268832776,809968137,810033790,268898431,570888230,276836424,809968139,268963969,810033671,269357186,810033671,571084931,277098567,269422602,809968146,269095045,269094922
7.2807943e-10,810033798,571216007,3.691399e-18,5.4111355e-29,1.857545e-18,5.450579e-29,"b'\x08\x10\x0c""F0\x8b\x10\x07""'",579612743,277688392,268898312,809902602,571019406,579809351,277885000,269225995,809968140,809968273,570822802,580071496,278147143,269094923,571674633,278212679,571150353,580268104,278343751,809968139,268963992,810033672,269357209,570888200
6.081667e-29,269684749,571019272,6.12111e-29,3.3736157e-29,7.2807965e-10,7.244496e-10,"b'\x9d\x10\x08\x10\x1e""H0\x9e\x10'",269225994,571805705,580857927,278933575,571019272,278999112,570953740,581054535,279130183,269160459,810033673,269226148,809968137,269029541,571019274,279326792,809968137,269160615,810033694,571347112,279523400,269225993,809968135,269029546
1.8846504e-18,279654472,571346953,5.022724e-10,3.4722723e-29,7.280794e-10,1.857579e-18,"b'G0\xae\x10\x06\x10\x10""G0'",571281583,279982152,570953738,280047686,810033672,570953906,280178759,571084813,280244296,809968137,571347125,280375367,571150346,280440904,268832783,809968138,571084984,280571976,571281419,280637511,810033674,809968315,810033852,571281597
7.501617e-29,571215880,280965192,2.7228054e-29,7.2444145e-10,2.663696e-29,7.280797e-10,"b'\xc1\x10\x0e\x10\x0c""H0\xc2\x10'",810033685,268964035,571019279,281292872,269225996,269029382,809968139,270078149,810033673,269619398,268898313,809968141,268898503,810033672,572068040,281620551,810033674,809968330,268898507,810033679,269291724,809968136,268964045,810033671
1.884691e-18,282013767,810033672,2.6834223e-29,7.244414e-10,2.742587e-29,1.8982027e-18,"b'G0\xd2\x10\x08""H0\xd3\x10'",809968136,268964052,571150345,282406984,570888205,282472519,571019273,282538056,571740169,282603591,810033674,268964057,571019273,282734663,269357064,570953751,584790088,282865735,572329991,282931272,809968141,269291742,810033680,571412703
8.842681e-29,571215906,283193415,2.7425266e-29,1.8575451e-18,6.1308543e-18,8.9610096e-29,"b'\x0e\x10\t""H0\xe4\x10\n""'",283455559,810033678,570953958,283586630,810033672,269488360,570888201,283717704,571150344,283783239,810033671,269029611,269094929,809968138,270143724,269357066,571019274,283979848,269094921,810033673,570953966,284110919,269815814,810033676
2.683432e-29,269029388,570953737,9.513212e-29,1.8982023e-18,9.552656e-29,1.871099e-18,b'G0\xf3\x10\n\x10\r\x10\x0e\x10',809968136,571085044,284504136,269029384,269553672,809902605,269029622,269029386,810033687,269422839,269094921,571215884,284700743,269029395,571674643,284766279,571150343,284831816,269094920,571281414,586887239,284962888,269225993,270012424
7.280795e-10,268964093,809968136,2.683436e-29,7.280805e-10,2.9123723e-09,2.7819673e-29,"b'\x18\x10\x0b\x10\x0e""G1\x01\x10'",268963851,571084815,268579144,268898313,826745355,269160451,268898314,826810888,269094916,269029402,268898335,269029384,571805711,268775752,571346967,268841287,269094929,826810890,571346951,268972359,268963849,826745353,269160457,571150353
2.725366e-29,269160456,571084808,2.7450878e-29,2.703084e-29,1.9388605e-18,2.764809e-29,"b'\x13""H1\r\x10\x08\x10\x13\x10'",826745361,269225998,826745352,269225999,268832775,571019270,269496648,270798858,826745354,269029393,268898320,268963854,826810887,269422610,269291527,269094921,571019277,269693256,269488139,570888203,269758791,269029385,826810900,269291541
1.8304399e-18,269889864,269225995,2.8977716e-09,2.703088e-29,1.857547e-18,3.001468e-29,"b'\x07\x10\x14\x10\x0c\x10\x0f\x10\n""'",572076360,270152007,570953738,270217544,269553673,269094922,826810897,268898332,826745356,268963869,571150346,270414152,268963846,268963846,268963849,826810909,571609119,270545223,269029390,269029398,826745351,269160481,269488136,571084808
3.1986832e-29,826745353,269094947,2.8977654e-09,1.8711032e-18,3.2578477e-29,2.7228057e-29,"b' ""G1&\x10\x08\x10\x07\x10'",268963856,571084810,271003975,269225994,826810897,268963880,270012427,826810895,269226025,269815817,268963849,826745354,268898346,571281415,271266120,826810911,269619244,826745352,826745389,269094958,571478041,271528264,271585294,571346963
3.4747845e-29,826745359,270143537,2.703083e-29,2.897766e-09,1.9930789e-18,3.533949e-29,"b'\x08""H14\x10\t\x10\x07""'",271921479,269422600,826810892,270209078,826810894,269029431,270077962,269094919,826745359,268898360,269094923,268832775,268963847,570822684,272183623,268963866,269553674,571478026,272249160,269291531,826810894,270798907,270405639,826745365
2.7030993e-29,268963880,826745372,2.683378e-29,1.8710976e-18,3.7508858e-29,2.9123175e-09,"b'?\x10\x16\x10\x1e""G1@\x10'",268963856,268832777,571805709,272707911,269094922,571084816,272773448,571543583,272838984,571543558,272904519,268963848,571412521,272970055,268963863,269029383,826810887,269946950,826810885,571740231,273166663,269029386,826745352,269357129
1.9388605e-18,273297736,571281416,4.0072656e-29,2.8016954e-29,1.8439924e-18,4.0269868e-29,"b'\x08\x10\x08\x10\t""G1M\x10'",572329997,273559879,571674649,273625416,269357063,826810890,269291600,268963846,826745356,269226065,269553678,571543581,273822023,826810889,273162835,273953036,269094920,826810891,570953813,274084167,269029384,268898313,571281418,274149703
2.9123175e-09,571740248,274280776,2.7425273e-29,2.762252e-29,2.8977656e-09,2.920045e-29,"b'\x0e\x10\x0f""G1[\x10\x0c\x10'",269160462,268963849,826810887,270209116,826810893,826876509,269095006,269094922,826745353,268832863,269225997,826745384,269357152,268898331,570953735,274805063,269029385,826810888,269160546,269094923,269160460,570822671,274936136,571215887
4.5003036e-29,269029381,826745352,2.8806053e-29,2.8016936e-29,2.8016918e-29,1.8575447e-18,"b'G1f\x10\x0c\x10\x14""H1'",269291623,269684744,826810913,268963944,268898324,268963848,826810888,269488233,570953738,275394887,269029384,571740212,275460423,269029392,573575177,823857223,269357164,269094935,826810889,269029485,269029387,570888209,275657032,269357075
2.897766e-09,268963951,826745354,1.9117765e-18,4.756683e-29,2.722807e-29,2.683363e-29,"b'\x0c\x10\t\x10\x12""H1r\x10'",269422605,571740170,275984712,269160472,826810888,571084916,276115783,571084810,276181319,269094922,826745351,269226103,573902858,276312392,269029386,826810889,268832889,826810888,571412602,276509000,826745352,571150460,276640071,268963854
2.8977667e-09,570953854,276771144,2.9123182e-09,2.6833982e-29,2.781969e-29,2.9123175e-09,"b'\x81""H1\x82\x10\n\x10\r\x10'",826745372,269095043,571150352,277098823,571805707,277164359,269619208,826876423,269422726,826810898,268963975,268832776,826810893,571478152,277426504,826745353,269488266,826745368,268832907,826745353,570953868,277688647,268963853,826810892
1.8575726e-18,277819720,269094927,1.843994e-18,5.6873915e-29,2.703085e-29,2.7425263e-29,"b'\x06""H1\x91\x10\x0c""H1'",269095058,826745359,269226131,269553672,826745358,826745492,570953877,278278471,268963849,826810898,268963991,571805708,278409544,570953737,278475080,571084820,278540616,826810898,269095067,826810890,826745500,570953885,278802759,268898312
2.8977656e-09,570953887,295711047,2.9123635e-09,2.9123515e-09,2.9123517e-09,2.7228518e-29,"b'\x0f""H1\xa4\x10\t\x10\x12\x10'",826810890,269029541,571150362,279327048,571019282,279392584,570953735,279458119,269946889,826745354,826745513,570953898,279654727,826745352,571805868,279785800,571215901,279851336,826876429,826811055,269357232,826810891,826876593,269291698
2.9123202e-09,268964019,826745359,2.6834138e-29,1.8575447e-18,7.1467836e-29,2.6636424e-29,"b'\x07""G1\xb6\x10\x0b\x10\x12""'",280441159,268963848,570953748,280506695,572788747,280572231,269619216,268898318,826745356,571084986,280703303,269225991,826745353,571019452,280834376,268898315,826810894,269095102,570953737,280965447,826810890,269226176,269815816,571150345
7.620101e-29,269094929,270340107,2.9123175e-09,2.643975e-29,2.9123175e-09,4.103368e-29,"b'\t\x10\t\x10\x17\x10\x08""H1'",571281604,281358664,570888216,281424200,826810912,269226183,826745361,571216072,281620807,571084811,583676231,281751879,826745361,269816012,826745375,269357261,269029385,826679823,269750478,571478023,282014023,826745353,268898512,571215885
8.251189e-29,826745353,826745554,2.6834232e-29,1.9930708e-18,8.369518e-29,2.897766e-09,"b'\xd5\x10\x16\x10\x07\x10\x08""G1'",570953942,584528199,282603847,269160460,571346955,282669383,570888202,282734920,571936780,282800456,826745355,268832988,571805714,282931528,269029385,826810895,570953950,283062600,826810888,272044256,570953737,283193672,826876425,572526818
8.961164e-29,269488136,826810889,1.8846955e-18,9.0400503e-29,2.7622494e-29,2.92002e-29,"b'\x1e\x10\x0b""I1\xe6""H1'",571019495,283652424,571674638,585707849,283783497,571019274,283849032,269160463,826810886,571019500,283980104,571215882,284045640,826745352,269291759,571609096,284176712,571215892,284242248,269094948,826745358,269488370,571215886,284373319
3.9272053e-29,284438793,269029385,1.8710985e-18,9.6711385e-29,2.1014908e-18,9.7105815e-29,"b'\x08\x10\x19""G1\xf7\x10\x0c\x10'",269291539,826745371,826745592,269029625,268963855,826745357,269357306,826745350,268898555,826745355,268898556,269291530,826745353,571085053,587084103,587149639,268448327,269226009,570953739,268513863,269029384,843588112,269684738,843588106
2.7819682e-29,571084809,268710472,2.7622485e-29,2.8411346e-29,1.1649274e-08,2.7228042e-29,"b'\x07\x10\x0e""H2\x06\x10\x19\x10'",571674645,268907080,269160462,843588108,268963848,570888212,269038152,271192328,843653640,268963850,843588106,269094923,268963847,269094920,571150347,269234760,269422612,571150347,269300296,269029392,570953736,571355719,571421255,269496903
2.7622482e-29,269422621,843522569,2.6833648e-29,2.742529e-29,2.0066242e-18,2.8832155e-29,"b'\x17""G2\x13\x10\x08\x10\x0c\x10'",268898314,571019271,269759047,269094947,270078005,843522575,843588117,269357078,843653657,570888215,270021192,269225999,843588105,269094937,571084817,270152264,571150346,270217800,269291529,843653640,271650844,268898313,572329992,270348871
2.6833663e-29,843522633,571084830,3.1395953e-29,2.703085e-29,1.1532858e-08,2.7030908e-29,"b'\x10\x10\x14""G2!\x10\t\x10'",570953738,270676551,572919828,270742087,843522568,269815844,571150345,270873160,269619209,843588103,269094950,269225993,843653641,269291559,268963876,571805714,271069768,269029383,843588104,843522601,269029418,843522570,571215915,271331911
2.880577e-29,571740171,271397447,1.159107e-08,2.7622596e-29,1.1591064e-08,1.1649305e-08,"b'0\x10\x16\x10\x0f\x10\x10\x10\x06""'",573649480,271725129,570953793,271790664,269357085,843653642,570888244,271921735,571346958,271987271,571609099,272052807,268963849,843522568,269029432,571543564,272183879,571150343,272249416,269029384,843653642,270209083,571019272,272380489
1.8575468e-18,272446025,843653642,3.196138e-29,2.7030833e-29,1.15910925e-08,1.8575563e-18,"b'G2@\x10\t""G2A\x10'",270864391,843522576,268898370,571019273,272839239,843588128,269029444,843588109,268898373,843653640,571019334,273101384,843522570,269029448,843522567,570953801,273297991,843522568,572002379,273429064,570888201,273494601,570953739,273560137
1.164927e-08,843522639,570953808,4.1256715e-29,1.8575455e-18,4.145393e-29,1.8439926e-18,"b'G2S\x10\x08\x10\x08\x10\n""'",273953352,268963849,843588112,572002389,274084425,271650837,843588105,570953815,274215495,570822677,274281031,843522568,269029466,843522583,269226075,843653648,268832860,843653640,269029469,843653652,843588190,269291615,269946898,843522578
2.6833886e-29,843522568,269095009,1.8846512e-18,4.4609373e-29,1.1649271e-08,1.993089e-18,"b'I2d\x10\t""I2e\x10'",571215880,275132999,843522572,269160551,571019304,275264071,271126540,843588110,571281513,275395145,843588103,269160555,843653641,571150444,577581639,275657287,571019278,275722823,570953736,275788360,843653647,269226097,570822674,275919433
2.8411352e-29,571019275,275984967,1.1591064e-08,1.1591158e-08,3.1172684e-29,1.8710976e-18,"b'H2v\x10\n""I2w\x10'",269684751,843653641,269029496,570953740,276378183,269815816,270143496,843522580,269095034,570953739,276509254,269357063,268963864,843588108,268963964,571019283,276640329,570953753,578695753,276771399,269029416,571412490,276836935,843522606
2.8214492e-29,843653645,270012546,2.7030845e-29,1.164933e-08,2.7031206e-29,1.925307e-18,"b'I2\x84\x10 ""G2\x85\x10'",843522584,269029510,571084809,277295688,269946896,843457065,269488264,843653641,268898441,571084812,277492295,843522571,269488267,843522571,269160588,843588104,269160589,843653649,570953870,277819976,843522567,269488272,570953768,579940935
5.7664317e-29,269029386,268898310,1.1707485e-08,2.683404e-29,1.1707482e-08,2.6834042e-29,"b'\x0b\x10\x12""G2\x95\x10\t\x10'",843522569,572199062,278344263,570953740,580399689,278475337,269619208,843522567,570888346,278606407,572067848,278671943,843588107,269357213,843653639,843588254,269029535,843522569,571347104,580989511,279065160,843653642,269095075,843522572
2.683409e-29,843522575,570953893,6.555292e-29,2.7030833e-29,1.8710972e-18,6.5947356e-29,"b'\n\x10\x11""I2\xa8""H2'",268964009,843522573,269422762,571084809,279654983,571084813,279720521,571084810,279786057,268898313,269684746,843588107,571150510,279917127,843522575,843653808,269029553,843653694,843522738,843522739,270012596,571084810,280310345,843653643
2.3319193e-18,280441416,843522570,2.7031366e-29,1.8439932e-18,5.0197584e-18,7.344154e-29,"b'\x0e""I2\xbb\x10!""G2'",269160636,843522568,571478205,280900168,843653643,268964031,571215880,281031239,571478030,281096775,843588105,843588290,269029571,572395529,281293385,269422606,843522571,570888389,281424455,843653642,271323335,843653652,570953928,583610951
7.9752416e-29,843588109,269488331,1.8439934e-18,5.5347552e-18,8.0935713e-29,1.1591067e-08,"b'\xce\x10\x08\x10\x0b""G2\xcf\x10'",571281433,282079817,571543560,282145353,843522570,843588306,269291731,843653639,269160660,843653640,269095125,571412489,282473031,268898313,269094923,843522568,269095127,571150344,282604105,273747988,571871245,584659529,282735175,269160454
2.703084e-29,571150347,282800711,1.1707477e-08,1.8440362e-18,8.7246607e-29,1.9117654e-18,"b'G2\xde\x10\x19\x10\x08""G2'",269029599,269094920,843653643,268964064,269094926,269225991,843653639,268964065,270012433,268963856,269094920,843522575,843522786,570953955,283390537,269553681,270012424,570953749,585445961,283521607,270012427,843522573,571019495,283652681
1.1649271e-08,268898537,843522593,2.8017592e-29,1.1591062e-08,2.663709e-29,1.1707498e-08,"b'\xec\x10\t\x10\x0b\x10\n\x10\x08""'",283980360,269357064,843522566,269226222,268898318,843653641,269947119,843653639,571347184,284242503,269160459,570888201,284308039,843653641,570953971,284439113,268963849,574099464,284504647,571871244,284570183,843653656,571019511,284701256
2.663661e-29,268898326,843522573,2.7820422e-29,1.8575513e-18,9.868509e-29,1.8710989e-18,"b'I2\xfb\x10\t\x10\x0b""G2'",571412732,285028935,570953736,285094473,570953739,285160009,570888202,268448583,860299786,269619201,571215903,268579657,268898342,269488181,269160460,268963849,860234250,269094915,268963858,571215889,268710727,269029455,269160456,571281414
2.6269134e-29,272240654,571019272,2.646635e-29,2.8411373e-29,1.83044e-18,2.6663558e-29,"b'\x19\x10\x11""H3\x08\x10\x07\x10'",860430857,268832777,860299789,269684746,860299784,860430859,269029388,571084814,269300553,860299786,269750286,860299798,269225999,570953736,269497161,571412503,269562695,270929946,269094920,860299784,570888210,269693769,269291533,571019276
2.9227362e-29,860299793,269094933,1.9253075e-18,2.962179e-29,1.8439926e-18,2.9819008e-29,"b'\x15\x10\x12""G3\x18\x10\n""'",270086983,269488145,860430860,571150362,270218055,571281422,270283591,860430856,269684765,571346952,270414665,860299787,860365343,269029408,860430858,571019297,572666695,270742343,570888204,270807881,571215917,270873415,571084807,572928839
3.297445e-29,269488146,572133384,3.3171667e-29,2.683362e-29,4.636426e-08,1.8846568e-18,b'H3*\x10\x10\x10\x07\x10\x11\x10',860430860,570953771,271332167,860299807,269226029,571478023,271463241,860299785,571215919,271594311,268963855,860430855,571805745,271725383,860299785,571609139,271856457,270798860,269160472,269160460,269553672,860299783,570953781,271987527
1.8439932e-18,272053065,860365321,2.663655e-29,1.8439936e-18,3.652432e-29,2.7425266e-29,"b'\r\x10\x0b""I3:\x10\r\x10'",860430890,860299835,269094972,269029385,571084817,272446281,270405640,860430855,571412542,272577351,571805704,272642889,269357065,571019271,272708425,268898326,860299798,268898370,571150343,272839497,571019281,272905033,269750281,268832779
4.6364264e-08,268963909,860430857,2.7622668e-29,2.7249066e-18,2.6996677e-18,3.9482548e-29,"b'\n\x10\x07\x10\x0c\x10\x07""I3'",571150409,273298248,268898318,268963848,860299789,572395595,273429321,571346975,290272071,860234264,269422670,570953742,273625929,860299785,269226064,570953738,273756999,268898312,860431082,269750354,860299786,268963923,268963855,860299787
2.683385e-29,860430856,269488213,4.6364313e-08,2.663664e-29,4.6364253e-08,2.762272e-29,"b'\t""I3X\x10\x14\x10\x0b""'",274281287,269029393,572067852,274346824,571740169,274412361,860299786,269684828,860365319,268963933,571084863,274608969,268898353,860299786,571281503,274740041,570888214,274805577,860299785,269881442,571019272,274936649,268898311,268898325
1.8575457e-18,275002183,572133389,4.520179e-29,2.703084e-29,1.88465e-18,4.539901e-29,"b'\r\x10\x0c\x10\r""G3g\x10'",269225994,269619221,860365320,269291624,571084810,275329865,269029383,860299785,268963946,860365326,269160555,269357064,860430859,860299884,269422701,269553677,860430858,269291630,572002314,275723080,269094922,269160463,860299819,570953840
4.7568378e-29,572329990,275919687,4.6597094e-08,2.939774e-29,2.6833642e-29,4.6829918e-08,b't\x10\x15\x10\r\x10\x08\x10\x07\x10',571346952,276116295,269029396,860365324,269029494,270012428,571281422,276247369,268898385,571346954,276312903,269553675,860430856,269226105,268963853,269029385,860365318,269488250,269357069,860299783,860430971,270012540,269094922,571019272
3.431504e-18,276706120,268963850,1.9117558e-18,5.0329388e-29,3.0186295e-29,1.8439926e-18,"b'G3\x80\x10\x06\x10\x0b""I3'",269291649,268963852,860365321,269029506,571936774,579023687,277099337,268963852,269422622,860299786,268832901,571215881,277230408,268963848,269094921,860430858,269291655,269094918,860299786,269357192,570953740,277427017,268963852,570953742
5.4510414e-29,571412486,277558087,2.7622488e-29,4.6829925e-08,2.7820094e-29,1.830444e-18,b'G3\x8d\x10\x0c\x10\x12\x10\x11\x10',269094923,860430902,268963982,269357072,572461064,277820233,269225990,269226020,860299786,270078096,268832776,860430864,269029521,268832776,571084808,278016839,570822667,278082375,269160456,269029383,571543568,278147913,269619211,860299785
2.742569e-29,269225993,860430864,2.722848e-29,2.1014925e-18,5.9638004e-29,2.64392e-29,"b'\r\x10\n\x10\x07""G3\x98\x10'",269291528,860430859,269815961,860299786,268832922,571281418,278606665,269619213,571543564,278672200,268832788,269684744,271192071,269225997,860234248,269488285,571019280,278803273,574099464,278868807,269160466,860299801,269095072,570953735
6.358232e-29,269225998,860299783,2.6834084e-29,4.682998e-08,1.8711295e-18,6.47656e-29,"b'\x0f\x10G\x10\t\x10\x07""G3'",571019429,279327561,570888202,279393095,268963848,571215890,279458633,571084810,279524167,269225998,860299784,268898474,571281417,279655241,860299796,269095084,269750288,577900791,279786313,269357064,572002315,279851848,269029395,269815832
4.5174637e-29,860299783,269357231,2.742536e-29,4.6829918e-08,2.7031342e-29,1.8710978e-18,"b'G3\xb1\x10$\x10\x11""I3'",269357234,571084811,280179527,570888201,280245064,269160456,269094921,571019285,280310601,860299792,268964022,860430865,273097399,280507151,860299785,269095097,860430861,860299962,270078139,860430907,573116604,280834887,860430860,571609278
7.5415234e-29,269684744,571084813,7.580965e-29,4.6829925e-08,3.0384052e-29,4.636432e-08,"b'\xc2""I3\xc3\x10\x0e""G3'",571150532,281359175,860430868,269226182,860299785,269488327,571478029,281555785,268963852,860299790,269226185,570953740,281686856,860430862,268898507,571019279,281817927,571805711,281883465,860299812,269029582,269553675,860430861,571281615
5.643281e-18,282145607,268963852,4.6829953e-08,2.8214735e-29,4.6364264e-08,1.911797e-18,"b'I3\xd4\x10\x0b\x10\x0c""G3'",268898517,860365331,269029590,860365334,270209239,269160469,860299796,571085016,282669897,571543563,282735431,571674631,282800969,860299785,860431068,269160669,860365326,269553886,860299793,269160671,269094927,860430856,269684960,269029399
4.636426e-08,268964065,269357068,1.843995e-18,8.92203e-29,2.6833627e-29,4.636425e-08,"b'\xe3\x10\x12\x10\x08\x10\x0c""I3'",269357284,269160456,269684752,268963850,571478027,283456328,269225992,860299788,269422822,269160458,860430868,269291751,269029395,571215883,283652935,269029384,571019276,283718473,860299796,860431082,269488363,860299785,269029612,570953737
9.3559035e-29,270471176,860430880,2.7228743e-29,1.884651e-18,9.4347883e-29,4.6829918e-08,"b'\xf0\x10\x08""G3\xf1\x10L\x10'",268898312,860430856,273097458,284373773,860430867,269422836,269291528,269094919,571084811,284504905,269291551,269684746,570953756,284570439,269160460,578162754,284635977,269094924,860299793,268898552,268898313,860430858,269160697,860299794
2.841207e-29,268963856,269881350,1.884652e-18,9.908106e-29,1.9253082e-18,9.947548e-29,"b'\x08\x10\n\x10\x18\x10\x10""I3'",268964093,571412499,285094728,269225993,570953769,285160263,269750279,268963852,877208071,269619200,571019275,268514375,269029386,877208072,269357058,269029384,877077004,269029379,269160503,877208091,269422596,268963860,571674634,268776519
2.7228063e-29,877208083,877142534,1.9253073e-18,2.6861544e-29,2.7819694e-29,1.9795177e-18,b'I4\t\x10\x0e\x10\t\x10\x08\x10',571019271,269104199,268898313,269029390,877208072,269291531,269226002,269422605,571281416,269235271,269160458,571674633,269300809,877077009,268963854,268898322,269291532,877208071,269225999,570953746,269497415,269094919,570953736,269562952
1.871098e-18,269628488,268832786,1.85457e-07,1.873198e-07,2.7622518e-29,2.7030863e-29,"b'\x0c\x10\x0e\x10\n\x10\x08""G4'",269488149,269815818,877208075,269357078,270274570,571084813,269956167,269488143,877208075,269422616,877077000,268963865,269684743,877208078,269094938,269750295,877077001,269291547,271061002,269029398,269029384,877208077,269291548,570953736
3.1003064e-29,268898330,877142538,2.6833687e-29,2.6833624e-29,2.7622506e-29,1.8439928e-18,"b'H4\x1f\x10\x08""H4 \x10'",269553673,877208071,269553697,571609098,270677063,269488147,269094931,268898313,877208072,270471203,877077000,571019300,270873673,877077001,877208102,571215911,271070279,877208071,571871273,271201351,270143495,877208082,270209067,269357066
1.8545705e-07,268832812,877208072,2.7228163e-29,2.7228063e-29,1.979518e-18,1.4534555e-07,"b'.\x10\x07""G4/\x10\x1b\x10'",877208074,571215920,271660104,269553681,570953746,573715529,271791175,269029384,268898318,877208082,268963892,877011479,269619253,268963854,273223693,877208075,269094966,877077002,269094967,877208073,268963896,877077003,269029433,877208076
2.683377e-29,877077031,571150395,3.7116742e-29,3.1566798e-29,1.8710972e-18,3.731395e-29,"b'\x13\x10\x08\x10\x14\x10\x0c\x10\n""'",272512073,877077003,269160511,269357073,269291529,571150347,272643145,570888227,272708679,268963850,877142540,269029442,269160465,877077014,269946947,571084821,272905287,269226000,269029396,269291538,877142542,268832837,269815819,877077007
2.7819884e-29,268963850,570888202,3.928611e-29,2.7425288e-29,1.8545704e-07,1.830453e-18,"b'I4I\x10\x18\x10\x07\x10\x0f""'",575288391,273364041,877077000,269094988,571150385,273495113,269094919,877077032,268963918,269029390,571609116,273626185,877077000,269684816,572198920,273757257,268832782,571674632,273822791,270733323,269422610,269094919,877208075,269094995
1.830445e-18,273953863,877208088,2.6833853e-29,1.8545705e-07,1.8732075e-07,2.6636643e-29,"b'\x07""G4X""I4Y\x10'",268963859,269029397,877077000,571478106,274412617,269094922,877077001,268963932,269029384,877208082,877077085,268832862,877208084,270340191,268832778,877077003,571150432,274805833,268963855,877077000,268898402,268963856,877208081,877077091
2.0744044e-18,275067977,571871242,4.5399775e-29,1.8846502e-18,4.5596996e-29,1.863886e-07,"b'h\x10\x07""I4i\x10\r\x10'",877142537,268963946,571019275,275461193,270929940,877077003,269946988,571346957,275592265,271061009,877077001,269291630,269160471,571412498,275723337,269357067,572002329,275788871,269160466,571084825,275854409,877077002,268898418,571281420
4.796358e-29,572198931,276051015,2.7425263e-29,2.821418e-29,1.8439938e-18,4.835801e-29,"b'\x06\x10\n\x10\x12""G4v\x10'",269094940,269094921,570953739,276247625,877077000,269422712,570888202,276378697,269619211,877077000,572199034,276509769,268963848,570757128,276575303,571150346,276640841,270209038,877076999,269226110,877208082,269488255,269226005,877077004
1.8732135e-07,571478145,276968519,2.841135e-29,1.8731987e-07,2.7031206e-29,2.7228075e-29,"b'\x0f""G4\x84\x10\t\x10\x17""'",277165129,268832778,877077001,571412614,277296201,877077004,270143624,570888207,277427273,571019273,277492808,877142592,270930059,571281425,277623879,877142539,571805837,277754952,877077003,571150479,277886025,877142550,269422737,571084866
5.7667404e-29,877077009,571150483,5.8456265e-29,2.8016912e-29,2.6833645e-29,1.854586e-07,"b'\x95\x10\x0c\x10\x06""I4\x96\x10'",571019272,278344775,877208072,269160600,570953739,278475847,269029394,877208093,571216026,278606919,877208072,571281564,278737991,877208077,570888350,278869063,571543562,278934601,571150342,279000135,268963849,571346955,279065672,268898318
1.8545738e-07,571084963,279196745,1.8846506e-18,6.5161577e-29,1.8710976e-18,6.555601e-29,b'\x07\x10\x08\x10\x0f\x10\t\x10\n\x10',877208077,268964007,571084808,279458888,269291537,877208074,269095081,877077001,269095082,877208076,877077163,269226156,269357078,877208072,571347117,279852103,268963849,571084812,279917641,570953739,279983175,268963848,877208090,877077169
2.6636917e-29,877208088,269095091,1.8439924e-18,7.107803e-29,1.8731976e-07,2.683414e-29,"b'\x08\x10\n""H4\xb6\x10\r\x10'",269094922,877208075,268964023,270798862,269094920,877208075,269160632,877142544,269488313,877208077,269750458,877077000,268898491,877208079,571281596,280835143,571412487,280900681,877077005,269029567,269094931,571215878,281031753,268898313
1.8439926e-18,281097287,269488138,2.683368e-29,1.8731996e-07,1.9660036e-18,7.699449e-29,"b'\x0c\x10\x0c\x10\n""I4\xc4\x10'",269619212,877208073,269226181,571543566,281424968,877208077,269619399,570953747,281556039,269881354,571412490,281621577,571019272,281687111,270077962,269225995,877208077,270012619,571019278,281818183,571609096,281883721,268963854,571150343
8.133322e-29,571281432,282014793,1.8545698e-07,2.7425868e-29,1.9659655e-18,8.251652e-29,"b'\x11\x10\x10\x10\r""I4\xd2\x10'",268832781,571019272,282276936,269160460,269357075,877208078,572199124,282408007,877208074,571674838,282539079,571084816,584594505,282670151,877208076,268964058,877077005,269684955,269160462,877208094,269160668,571084809,282932295,877208076
1.9931144e-18,283063369,269291535,1.8638839e-07,1.8732271e-07,1.9117999e-18,8.9221834e-29,"b'\x08\x10\x10""I4\xe3\x10\x14\x10'",877077001,268898532,877208074,571609317,283522119,269357064,877208071,571347175,283653191,877142536,268898537,268832786,571084830,283784265,269291538,877142565,269160683,268963876,877208076,269160684,270274575,571871241,283980871,268898312
1.8731974e-07,271716590,877077007,3.1370266e-29,2.6300387e-18,9.4743867e-29,1.8575453e-18,b'H4\xf1\x10\x16\x10\x0f\x10\x07\x10',573050903,586298440,284374089,877142554,270864628,570888205,284505161,877077004,269029622,571346952,586626121,872878152,571412728,586757193,284832840,877142544,573051131,284963912,877142544,570888445,285094985,571346961,285160519,269029389
1.8304399e-18,268449097,573837329,2.5481808e-29,1.88465e-18,1.7646492e-18,2.5876238e-29,"b'\x08\x10\x08\x10\n\x10\x0f""H5'",269029380,893985291,269815813,893854216,269160454,893985288,269553671,893919756,570888200,269038921,893919763,893985290,268963851,269488142,571019272,269235529,269488141,893854221,570888205,269366601,893854218,893985295,269553680,893919755
1.9524145e-18,269628745,571215880,2.9031685e-29,3.649716e-29,7.455535e-07,1.9117575e-18,"b'I5\x15\x10\x07""G5\x16\x10'",893985292,268963863,893854214,268898328,268832781,893985291,268963865,893919752,893919770,571346971,572273993,270349639,893985291,893919774,268963871,268898327,893985289,893854240,571084833,270677320,571019279,270742857,893854221,893985316
1.8711034e-18,270939463,570888221,2.266093e-18,3.3173204e-29,7.4927954e-07,1.8575517e-18,"b'I5*""G5+""I5'",893854252,269881389,571281417,271463753,571150381,271529287,269029385,893985326,268898352,571150378,271660360,269029384,893854221,269029426,571084807,305345865,572199041,573846855,271922505,572067853,573977928,574043464,272119113,269488144
1.8168884e-18,272184647,893985288,1.9253179e-18,3.692029e-29,1.8168888e-18,3.7117512e-29,"b'\x08""K5=""H5>""'",272577865,572592136,272643400,893985287,269094977,271454217,893854216,893919810,268963907,893985288,893854276,269553733,268963852,571543564,575026505,273102151,893985287,893919816,268898377,893919752,571871306,575354185,575419719,273495369
2.1692532e-18,273560904,571346958,4.08646e-29,1.8846506e-18,4.1061816e-29,7.4182975e-07,"b'Q\x10\t\x10\t\x10\x10\x10\x0b""'",273823049,268898311,893919752,572067923,273954121,893985297,269029461,571150354,274085192,571084810,274150729,571281416,576206151,274281801,268898314,893919756,893854298,268898395,893985290,269291612,893919757,571019357,576599369,274675016
7.4555373e-07,575017056,576795977,3.0656916e-18,4.4808906e-29,7.455537e-07,2.6636682e-29,"b'\x08\x10\x12""I5e\x10\x0f\x10'",571084813,275133769,893854217,269291623,269094921,893985294,268898408,893854216,269291625,893985288,271585386,893985293,268898411,893919755,269095020,893985290,571084909,577647944,275723593,893985287,893854320,268898417,269094923,572133388
4.7767134e-29,269160461,893854220,1.830462e-18,4.8161562e-29,3.0777928e-29,7.492786e-07,"b'u\x10\x18""G5v\x10\x11\x10'",571740171,276247881,893854228,571150456,890703944,571412601,276444489,893854244,268963963,893985302,268963964,893919757,270078077,893919752,571150462,276772169,571674633,276837704,893985289,570953857,276968776,268898313,570888201,277034313
7.492789e-07,893854340,570888325,5.293578e-29,2.1285952e-18,5.3330204e-29,7.4555345e-07,"b'\x88\x10\x07\x10\x0b\x10\x1c""I5'",571019401,277493063,571150344,579548489,277624136,269815822,893919755,571412621,277755209,570888200,277820743,571150344,579876169,277951815,893919757,893985426,270274707,572395533,278148424,570953739,278213961,893919752,269226134,570888205
4.0985046e-18,278410569,893919769,1.8440224e-18,6.082439e-29,2.6833627e-29,1.843993e-18,"b'I5\x9b\x10\x16\x10\x16""G5'",571084956,278738249,570953744,278803784,893919752,270209183,571674636,278934857,893919752,571805857,279065929,893985287,571019427,279197000,571478025,279262537,571084820,279328072,893985296,893985447,269815976,893919754,893985449,571019434
6.75297e-29,893985289,572461228,6.831857e-29,1.8304436e-18,6.871299e-29,1.9117552e-18,"b'I5\xaf""H5\xb0\x10\x08\x10'",270143500,893919755,269357233,893985286,269619378,893919753,893985459,269029556,571281416,280311113,893919752,269947062,893985289,893919927,893919928,893985465,893919930,570888379,280769865,893919751,269226173,893919753,571871422,280966473
7.455533e-07,893985472,570953921,7.6601607e-29,7.455533e-07,1.9524513e-18,5.3182324e-18,"b'H5\xc5\x10\t\x10\x0e""H5'",893985478,571281607,281556296,893985292,586223817,281687369,893919757,570888395,281818441,893919752,269095117,570822666,281949512,570888210,282015049,893919761,893985488,571150545,282211657,270012428,893919753,893985491,270536916,893919755
1.8304822e-18,282473800,571019276,8.4884646e-29,1.8575453e-18,5.860333e-18,8.567351e-29,"b'\x07""I5\xda\x10\x08\x10\x0b\x10'",893919752,571085019,282867017,893919753,893919965,893985502,268964063,571150357,283129160,268963854,571740170,283194696,893985302,269226210,269226000,893919758,893985507,269357284,893985299,268964069,893919766,268964070,893985303,268832999
7.455534e-07,571216104,585708872,9.2378825e-29,7.4555356e-07,5.642962e-29,7.492789e-07,"b'\xec""I5\xed""H5\xee""'",284112201,893919752,893919984,893985521,268898546,893919752,571150579,586429768,284505417,268963868,893919753,269029622,893985289,571937015,586691913,284767560,893985290,269029626,269684745,570888210,284898632,269160457,269357064,893919757
7.4929244e-07,269029629,571019272,1.0026743e-28,7.455532e-07,1.9253586e-18,2.528537e-29,"b'\x17""H6\x01\x10\x0f\x10\x17\x10'",269422647,571281419,268580424,570888202,570635849,268711496,571019271,570766921,268842568,269291527,910696973,269094919,571478032,268973641,270012429,268963849,910696967,268963849,269094926,910696966,571084810,269170249,571346953,269235784
2.9822127e-06,910762509,269750286,2.9822131e-06,2.7819718e-29,2.9971143e-06,2.997116e-06,"b'\x11""H6\x12\x10\n\x10\x0e""'",269694537,910762505,269619220,571281416,571815496,269891145,268963848,910762514,571412503,270022216,910762508,571346969,572143176,572208712,572274249,270349896,271519761,571543560,270415433,270077960,269225993,910762509,570953759,270546504
2.9971143e-06,268898337,910762515,2.9989143e-29,2.9822131e-06,1.8304454e-18,3.2385117e-29,"b'\x11\x10\r\x10\x0b\x10\r\x10\x0c""'",270874185,571019277,270939720,571084815,271005257,270012436,910696969,910697000,269619241,910762552,571019306,271267400,910696987,269094956,269225996,910762508,269094957,910696975,269094958,910696988,573050927,271595081,571281428,271660616
2.6833627e-29,571871241,271726152,2.6833636e-29,2.997114e-06,2.0201841e-18,3.5540557e-29,"b'\x0b\x10\t\x10\x0b\x10\x0b""H6'",269226037,570822665,271988297,270471178,571084813,574043720,272119369,268832799,910762502,910697017,269619258,570953738,272315977,268832778,910762513,269160508,572002315,272447048,269094935,269160471,910762518,570953790,272578121,268963875
2.6833627e-29,268832779,910696972,3.0383663e-29,2.997117e-06,2.6833792e-29,2.9971138e-06,"b'B\x10\t""H6C\x10\n\x10'",571412487,272905801,269422599,910696970,268898373,570953747,273036872,269291544,910762507,268963911,571215880,273167944,910696976,268898377,268963850,270274568,910762511,571084874,273364552,570953757,273430088,269619215,269226002,910762510
2.722826e-29,269225992,910696973,2.7228262e-29,2.703086e-29,2.7030836e-29,2.9822133e-06,b'O\x10\x0b\x10\x0b\x10\x1a\x10\r\x10',910762519,269488208,269815816,570953744,273757768,269094922,571740174,273823304,268963858,269291531,910762520,270209107,269160462,910696970,269160532,269160456,268963848,570953744,274019913,269619210,910762504,268898390,269160456,910696968
2.683386e-29,571150352,274216520,2.7228054e-29,2.997115e-06,2.6833865e-29,2.7030833e-29,"b'\x15\x10\r""H6Z\x10\x14""'",274413129,571740188,274478665,910696970,269029469,571281416,274609737,269488137,571346957,274675273,269488136,269225995,910696981,270602336,570953795,274806345,268963848,268963848,571215891,274871881,268963853,270405639,910696968,269160547
4.6367675e-18,275002953,269094929,2.9971175e-06,2.8017192e-29,2.8016984e-29,1.8168877e-18,"b'H6f\x10\x0f\x10\x14\x10\x08""'",275199561,268963861,269488138,571609094,275265097,269946889,910696976,269095017,269226004,910762513,269422698,571281427,275461705,270405638,269422601,910696967,269291628,268963855,570888201,275592777,270340117,572330006,275658312,268898407
2.762258e-29,269815820,571019272,4.7176256e-29,2.0201756e-18,4.7373474e-29,2.7228075e-29,"b'\x10\x10\x11\x10\x08\x10\t""I6'",268963953,269357073,269225992,910696978,269488242,571281421,275985993,269291527,269881354,571478023,907677769,269553780,269488154,910696997,269750389,270274569,271388680,268963853,271192105,269094920,910762519,269357174,269160456,268963852
2.9971145e-06,269553783,910696967,2.801725e-29,2.8016918e-29,2.9971216e-06,2.643953e-29,"b'\x0f""I6z""H6{\x10'",270602254,571215881,276575817,269094922,570888204,276641352,269160457,910696972,269357182,268898364,269094924,910762503,270209151,269094921,269029388,571084821,276837961,268898322,910696966,268963969,269029382,270012427,268963848,273485837
1.8168946e-18,276969031,571281417,5.175403e-29,3.0383534e-29,2.742527e-29,1.8304448e-18,b'H6\x84\x10\t\x10\r\x10\x08\x10',269815816,269094929,571805704,277165641,268963849,269160462,269291531,910828043,269226118,268963851,270340104,910696971,269029511,269422603,910762513,269226120,269291529,571215882,277427785,269029389,910696967,269226122,910762507,268963979
2.6833618e-29,571936779,277624393,2.7819697e-29,2.7228054e-29,2.9822145e-06,2.900339e-29,b'\x1d\x10\x17\x10\n\x10\t\x10\x08\x10',910762513,269750414,268963848,910762505,269357199,269094923,910696981,270471312,910762571,269291665,269094918,570953737,278017609,268963850,910696967,269226131,269029400,570888214,278148680,270340102,571478024,278214217,270143504,570953740
5.92482e-29,269029385,572002330,5.964263e-29,2.7622482e-29,2.8411358e-29,1.803335e-18,"b'I6\x98\x10\x15""H6\x99\x10'",571150344,278541896,910762506,268832923,571805728,278672968,572657683,278738504,269029389,269029385,269357066,910828045,269357214,910696968,570953887,278935112,270471178,910762516,269226145,269094940,570888208,279066184,269029383,571936775
6.43758e-29,269160468,571215881,6.4770234e-29,2.9971154e-06,3.0581183e-29,2.7425263e-29,"b'\x08""H6\xa6\x10\x12\x10\x0f\x10'",910762503,269029543,269225991,572330004,279459401,910696971,270340265,910762504,269357226,910762507,268964011,269094920,574623757,279721544,910762505,269029549,268963847,571609097,279852617,270405643,268963851,570822665,279918152,268898330
2.9673129e-06,268964016,910762516,1.91179e-18,7.0292254e-29,2.997114e-06,2.703135e-29,"b'\x0b""I6\xb4\x10\x1c\x10\r\x10'",571609102,280311368,910696983,269291702,268963858,571871240,280442441,269422601,910696969,571609272,280573512,571478022,280639049,269160465,571412488,280704584,571346951,280770120,268963860,571674653,280835657,570953736,280901192,910696970
1.9253454e-18,281032265,571346956,7.6208717e-29,1.9117554e-18,7.660314e-29,2.703094e-29,"b'\n""I6\xc3\x10\n\x10\x08\x10'",910762507,571216068,281359944,269357068,910762504,270274758,571215881,281491017,268963849,571346952,281556552,570953740,281622089,269357063,910762506,268898506,571215882,281753160,269094920,910762506,269095116,570822664,281884234,571740170
8.1336307e-29,269750281,910696969,2.7031435e-29,2.997115e-06,2.979245e-29,2.9822131e-06,b'\xd1\x10\x08\x10\x07\x10\n\x10\n\x10',910697000,571019474,282277449,269553674,910696978,268964052,571674633,282408520,269226005,910762510,268964054,268898342,910696971,270274775,571084810,584595016,282670665,571019282,282736201,910696970,269226203,910762528,268832988,910762506
2.8214768e-29,571019288,282998344,1.8439928e-18,8.804163e-29,1.843993e-18,8.843606e-29,b'\r\x10\x0b\x10\x11\x10\n\x10\n\x10',910696976,268898529,273223716,910762507,269029602,910762506,268898531,269226016,269160457,910696966,268964068,268963865,269684748,571936784,283457096,571215890,283522633,910696987,269291751,571019281,283653704,269357071,571019272,283719241
2.7425266e-29,570888208,283784776,2.643919e-29,1.965966e-18,9.277479e-29,2.8016927e-29,"b'\x11""I6\xec\x10\x07""I6'",268964077,571674632,284046920,269160458,571478025,284112457,910696968,269291760,268963850,571084818,284243528,268963848,571412489,586298952,284374601,910696972,269684980,571478031,284505672,268898316,910762505,270012662,269291529,910696974
2.9398138e-29,571281419,284702280,2.7030845e-29,1.9117554e-18,9.829682e-29,2.7228066e-29,"b'^""H6\xfa\x10\t""H6'",910762747,269095164,910696990,571019517,285095496,571084811,285161033,268963860,927539726,269619200,269160459,572067849,268515144,571346954,268580681,570953742,268646217,269160475,269226008,571084810,268711752,571019272,268777288,927539726
2.742526e-29,927474201,269094919,1.8304399e-18,2.6863858e-29,1.8304446e-18,2.7061076e-29,"b'\x10\x10\x08\x10\x16\x10\x0c""H7'",269422602,571084810,571160392,269236041,269684746,927539720,271257613,571346953,269367112,268898359,927539721,571019279,269498185,571084809,269563720,571150369,269629257,927539717,571019283,269760328,271192083,927539720,571281429,269891401
1.8710976e-18,269956936,268898336,2.9200246e-29,1.1928878e-05,2.6636454e-29,1.1988455e-05,"b'\x19\x10\x15""H7\x1a\x10\x07""'",270219080,570822668,270284617,571412535,270350153,927474184,268963870,269422600,269225992,269619216,927539733,927539743,927474208,268898337,927539721,269029410,269094932,269094921,570953760,572733257,270808904,571346960,270874440,927539724
1.8439986e-18,271005512,270536714,1.8575451e-18,3.3174745e-29,1.9524153e-18,2.2933039e-18,"b'I7*\x10\x12\x10\x07\x10\t""'",573257544,271333193,573313030,271398729,570822665,271464264,571084810,271529801,571871242,271595337,571805705,271660872,574296073,271726408,571215889,271791945,571019270,271857480,268898323,927474185,271650869,571215892,271988553,269094921
2.7228066e-29,927539728,270798903,2.703089e-29,4.4385794e-29,3.077822e-29,2.6636472e-29,"b'!\x109\x10\t\x10\n\x10\x19""'",272119624,927539733,571019321,272250697,269553677,270405657,269029423,270929938,269160538,270077960,927474193,269094971,269488145,269750280,927474188,270209084,572133384,272447305,269553687,927474199,270340158,269029392,927474184,269357119
2.8016912e-29,927539722,269291584,2.9200207e-29,1.9253071e-18,3.810513e-29,2.9002988e-29,"b'\x14\x10,""H7B\x10\x0e\x10'",269094921,927539725,269291587,927539728,571347012,272971592,269357066,572264459,273037128,268898327,269553676,571019277,273102665,269684744,268963850,927474185,276303944,269750278,269094924,927474186,269226057,269160479,927539719,269750346
2.663643e-29,571346959,273364809,1.1928854e-05,2.663661e-29,3.2158432e-29,1.1988459e-05,"b'M\x10\x08\x10\x13\x10\x1f\x10\x10""'",273561417,270995481,269094924,268963852,269750278,927474189,269815887,270667787,571150362,273692488,270602272,927474199,268832849,274927624,927474182,269029458,269094922,927474188,271061075,269422618,269881356,573902894,273954633,268963850
1.8711043e-18,274020168,269094931,2.7819932e-29,1.1928871e-05,2.74255e-29,1.8710978e-18,b'I7W\x10\x08\x10\x15\x10\x0b\x10',268898329,270798901,273293840,274216734,269094935,269881350,269291534,269553675,927474182,271061081,269029397,570953744,274347848,275779607,269029389,571412491,274413386,269357074,269488138,927474183,269226076,269881354,571936778,274544456
2.703084e-29,269225993,269291528,2.9200213e-29,1.2048069e-05,2.7031095e-29,2.7030836e-29,"b'\n""I7_\x10\x12\x10\x07\x10'",570822671,274741064,571412490,274806601,570953747,274872137,571346952,274937672,269160460,927474186,269684836,573050892,275068745,269029385,927474189,269029478,270864393,269094933,571084809,275199816,269160459,571674645,275265353,571936783
4.5993738e-29,571412488,275396424,2.8608555e-29,2.8411346e-29,1.8982027e-18,4.6388168e-29,"b'\x19\x10\x0c\x10\x07\x10\t\x10\x18""'",275527497,269160456,269815836,269094919,927474187,269160557,268963851,269488142,927474183,269160558,269029383,269357067,269946922,271454220,268963875,927605360,268963951,269226000,269094922,269488138,927539719,269750384,271912973,268898312
1.1928856e-05,270078065,269029383,2.7030833e-29,1.198846e-05,2.7425585e-29,2.8214127e-29,"b'\x12""I7s\x10\x0b\x10\t""'",276051784,571609098,276117321,268963849,927539727,269226102,571019273,276248392,269094933,571084813,276313928,927539719,269160569,571281416,276445001,571019274,276510536,268963851,269619209,571019272,276576073,268898316,927539732,570953853
5.0135255e-29,927474196,571215999,5.0572284e-29,2.7425276e-29,1.1869247e-05,1.19289625e-05,"b'\x82""I7\x83\x10\t\x10\x14\x10'",927539721,269226116,927474183,270536837,273223690,571150346,277231433,269225994,269226007,269029389,927539722,571019399,277362504,570888211,579417928,277493577,927474187,571281547,277624648,269291532,571215887,277690186,269225991,927539721
2.742567e-29,268898313,570953736,5.648873e-29,1.1988457e-05,2.64396e-29,2.683362e-29,"b'\t""I7\x91\x10\x07\x10\t\x10'",269225997,571019275,278017864,272240650,570953741,580073288,278148937,570953747,278214474,571740170,580269896,278345545,270274569,927605260,269095064,927474184,269684889,571412504,278542152,571019276,278607689,272044048,927474183,268832924
2.742527e-29,571215886,278738760,2.6833624e-29,1.83044e-18,6.240519e-29,1.2048061e-05,"b'\x9f\x10\x08""H7\xa0\x10\x0e""'",279000904,927539719,268964002,927474198,269422755,269619209,927474187,269553828,269029388,269226002,571019272,279263049,269029388,269881371,927539745,270536870,269029405,268963864,927474187,571674791,581449546,279525193,269160456,571019278
6.713835e-29,571150344,279656264,1.8575445e-18,6.7927224e-29,1.8846502e-18,6.832165e-29,"b'\x11\x10\x19""H7\xae\x10\r\x10'",927605262,269095087,269160460,927605266,268964016,927474182,571281585,280115016,571084810,280180554,571215881,280246088,268963850,927474197,269160629,269094920,271323146,927539728,573575350,280442697,269291528,571215888,280508232,927539736
2.6834153e-29,269094948,927539729,2.6834156e-29,1.8440007e-18,7.384367e-29,1.1928858e-05,"b'\xbc\x10\x0f\x10\n\x10\x12""J7'",570953917,582891338,280966984,269094933,927539718,927539904,268898497,571084815,281163592,927474192,268964035,571281422,281294666,572002312,281360201,268963867,570953743,281425736,927539725,571084999,281556810,269094921,268832792,571084806
7.9365695e-29,269029393,570953739,7.9760126e-29,2.9397443e-29,1.1988475e-05,3.4920032e-29,"b'\x11\x10\x08\x10\n""I7\xcc\x10'",269750285,572788742,281884488,571478025,281950026,572329997,282015562,269291545,571150344,282081096,927474190,270078161,927605269,571085010,282277705,570953765,584333128,282408777,571084824,282474314,927474186,927474391,269226200,571150347
5.8876503e-18,282736456,570822665,5.94186e-18,8.6859886e-29,1.1988455e-05,2.86092e-29,"b'\x07\x10\t\x10\x0b\x10-""H7'",268832990,269160460,927539720,269160671,927539720,268964064,571019271,283195209,570888199,283260744,269029382,268963852,571019287,585316170,283391817,927474184,269750501,571936774,283522888,269291532,927605255,269553895,927539723,571085032
9.198747e-29,269488140,927539722,3.6300632e-29,1.9930704e-18,9.277634e-29,3.3933378e-29,"b'\x0f\x10\x0b""H7\xec\x10\t""'",283981640,270077961,571215880,284047178,927539740,268833007,571871246,284178248,268832785,571019272,284243785,927605258,269160690,927474185,571019507,284440392,571215880,284505929,927539729,269029622,927474201,927605495,570953976,284768074
3.1961217e-29,927474185,570822906,9.908722e-29,2.9002994e-29,2.6833627e-29,1.2048063e-05,"b'\xfc""I7\xfd\x10\x08\x10\n""'",587085640,587151177,268449866,944251400,269160449,944251410,570888194,570636362,268712009,269225995,944251407,268963845,573116424,570832969,268908617,269029383,944251406,269029384,570953753,269039688,944382481,944316938,572788747,269236296
2.7030845e-29,571346957,269301832,4.8192273e-05,2.8608576e-29,1.843993e-18,1.9409909e-18,"b'H8\x10\x10\x0c""J8\x11\x10'",944316942,268963858,944251411,269422611,944316937,571019284,269826122,268898312,944251401,944251414,268898327,944382472,571281432,270088266,944251412,269226010,944251403,571019291,270284874,268898332,944251401,944251421,944382494,570888223
3.15978e-29,944251417,944316961,2.006628e-18,3.2189445e-29,4.7715446e-05,2.703092e-29,"b'\n""H8%\x10\x07""J8'",269291558,944382475,269357095,269553682,570888206,271071304,571084823,573126728,271202378,944251408,273162795,271333390,573050902,271398986,571281429,573454410,573519944,271595592,944316938,944251441,571412530,271792200,944316937,944316980
5.051207e-29,944251405,571674678,3.6133744e-29,4.8192254e-05,1.8846599e-18,2.5101972e-18,"b'H8:\x10\x06\x10\x0e""H8'",268963899,944382478,944251452,268963901,944251402,269750334,944382473,944316991,571740224,574699592,574765128,272840778,571084813,574896201,272971848,944316938,944382534,570953799,575158344,575223880,575289418,575354953,575420488,575486024
2.7948005e-18,273627209,944251401,1.9795325e-18,2.8354579e-18,2.8490104e-18,4.165577e-29,"b'\x08""H8T\x10\x0e""J8'",944317013,269029462,944251414,269094999,944185898,944317016,944317017,572002394,576403528,576469066,274544714,944185862,571478110,274675784,944316940,944317024,571084897,576862280,576927817,275003466,944251400,944251493,944382566,944382567
1.8304597e-18,577321032,577386568,4.638894e-29,4.7953832e-05,1.9795383e-18,4.6783366e-29,"b'\n""I8n""J8o""'",275789896,944251403,944317041,944317042,571936883,276052040,944251400,572461173,276183113,571478025,578238537,276314184,944316939,570888313,276445258,944251403,944251515,944317052,944317053,944251518,944251519,944382592,944317057,570953858
5.1757104e-29,944316940,571805828,3.6109316e-18,3.6380363e-18,5.3334826e-29,4.795383e-05,"b'\x88\x10\n""I8\x89""H8'",944251530,570953867,579614794,277690441,944251408,944317070,944382607,944317072,944251537,570822802,278083658,944382472,571412628,580204616,580270152,278345802,944316942,944251544,570953881,580532296,580597834,278673480,571084809,580728904
6.240673e-29,944382470,944251551,4.7715963e-05,4.8192804e-05,4.795439e-05,4.7715974e-05,"b'\xa4""H8\xa5""J8\xa6""'",581384264,581449800,279525450,944382473,944251562,944251563,944382636,944317101,944251566,944251567,944382640,944251569,944251570,944317107,944317108,944251573,944251574,944382647,571674808,582563913,582629448,582694985,582760522,582826056
5.1559193e-18,582957129,583022665,7.621179e-29,4.771541e-05,4.8192924e-05,4.771609e-05,"b'\xc4""H8\xc5""J8\xc6""'",583481418,583546952,583612488,583678026,583743561,583809096,583874634,281950282,571281417,584005704,584071240,584136778,584202314,584267848,584333384,584398922,584464456,584529992,584595530,584661066,584726600,584792136,282867786,944316939
4.7716185e-05,944251614,944317151,4.7716196e-05,4.77162e-05,4.7716203e-05,4.8193044e-05,"b'\xe4""H8\xe5""H8\xe6""'",585578570,585644106,585709640,585775176,283850826,944316944,944251628,944251629,944382702,944251631,944251632,944382705,944382706,944251635,944251636,944382709,571543798,586627145,284702792,944251432,944382713,944317178,944251643,572395772
6.863538e-18,587085898,587151432,1.737756e-18,1.7513089e-18,1.7648614e-18,1.7784135e-18,"b'H9\x04""J9\x05""I9'",961028614,269357063,961028624,571871240,269039946,961094151,961028618,961094155,961159692,268963853,571543564,571357512,269433160,961159694,269029392,961159695,961028625,961028626,961159699,571740180,269826377,571281417,269891912,571084808
2.9823627e-29,961159695,269094936,0.00019181552,2.821418e-29,0.00019086174,0.0001908619,"b'\x1b\x10\x08""J9\x1c\x10\x0f\x10'",961028622,570888221,572406088,270481738,571346957,270547274,270143497,269488142,961028619,269160481,961028621,268898338,961159696,268898339,571936779,270809418,269029405,961028616,271650853,269291528,961028615,269160486,269094920,961159688
0.00019276944,961028648,570953769,3.3570716e-29,2.0472807e-18,3.3767938e-29,2.8016924e-29,"b'\x0f""H9,\x10\x0c\x10\x0b\x10'",570953741,271399239,571019288,271464777,961159718,269226031,269815816,961028618,269488176,270798854,269094923,571412531,271661384,268898321,571346954,271726922,571019272,271792458,270733326,277549065,961028679,961028660,961159733,570822710
3.613452e-29,571346958,272120136,0.00019086164,2.841149e-29,1.9117554e-18,3.6726166e-29,"b'\x06\x10\r\x10\t\x10\x19""I9'",268963899,570888205,272382280,961159699,269160509,961159691,269094974,269226001,961094156,269619263,269029383,961028621,268898368,571543561,272709961,269094923,269357080,571543559,272775498,268898325,268963851,571805703,272841032,961028621
2.6636586e-29,268963868,961159687,2.7228235e-29,0.000192769,2.6636592e-29,0.00019086179,"b'G\x10\t\x10\x08""H9H\x10'",269357064,269094929,961159725,269815881,961159686,268898378,269094924,961028633,269488203,961028618,269094988,269029386,570953737,273496394,269160457,270012437,571543562,273561929,269291607,269029387,961028617,268963919,961028620,269160528
1.9253075e-18,273758538,269684747,1.857545e-18,4.1459325e-29,2.7622488e-29,0.00019086202,"b'S\x10\x0e\x10\x0b\x10\x0b""J9'",269291604,268963864,961159688,269226069,571150343,274086216,269750289,961028623,269815895,572002313,274217290,571346958,274282826,269226021,961028616,269095002,961028616,268898395,571215883,576469322,274544968,269422606,571412516,274610504
2.6833693e-29,961159694,268898399,1.8710978e-18,4.4220345e-29,2.8016927e-29,0.00019086165,"b'a\x10\x0f\x10\t\x10\x0b\x10\x1c""'",274872648,572133385,274938186,570822678,275003722,570757133,275069256,269226001,961028628,269160550,269619214,961159690,269291623,269815815,269291529,571084828,275265866,270012430,268898315,961028614,269095017,961028623,269553770,269029383
1.9659678e-18,275462474,269226000,0.00019276902,2.6636707e-29,1.843999e-18,4.6784137e-29,"b'\x0c\x10\x07\x10\t\x10\x07\x10\t""'",275659080,571019273,275724618,571609114,275790153,269291550,961028622,269095025,570953736,275921225,961159688,961028723,571478132,276117832,269815825,961159711,570953846,276248906,571150346,276314440,571478026,276379976,269160482,961159693
2.663675e-29,268832815,961159688,1.8169111e-18,4.9742365e-29,0.00019086165,2.782005e-29,"b'\x10\x10+\x10\x0f""J9~\x10'",572002314,276773193,270340105,961028615,961094272,570953857,276969802,570953737,277035336,269029389,961028620,269095044,269094921,960963085,961159813,269619334,961028627,269488263,961028619,269160584,570888199,277428554,961159699,571150474
5.491409e-29,570822681,277625160,0.00019276905,1.8169148e-18,3.8549834e-18,5.649181e-29,"b'\x07\x10\x08""H9\x90\x10\n""'",277952842,961094159,268832914,961028616,571019411,278149448,961159690,269357205,961094153,269684886,961028635,269029527,961028619,269488280,961159693,961094297,961028762,961094299,268963996,570822667,278739274,571019278,580794696,278870344
2.7622476e-29,961159690,268898464,0.00019276899,2.683408e-29,0.00019086176,2.1150748e-18,"b'H9\xa3""J9\xa4\x10\x14\x10'",961159687,571478181,279329096,268767239,961028617,570953895,279460170,961159687,571478185,581581128,279656776,961159697,571805868,279787849,961028616,961094318,268832943,961159688,961028784,570953905,280115528,961094153,269160627,961159713
2.9792367e-29,571871251,280312137,2.88058e-29,0.0001908617,1.8440284e-18,7.226904e-29,"b'\x0f""J9\xb8""H9\xb9\x10'",961028620,961159866,269422779,961159692,961028796,571609277,280901960,961159710,269291711,961094152,269750464,961028627,570888385,583153992,281229642,961028615,961028804,961159877,268832966,961159691,571936967,281557320,570953735,281622856
0.00019181533,961159882,961028811,2.683421e-29,0.0001908618,0.00019277185,0.00019277187,"b'\xcf""H9\xd0\x10\x0b""H9'",571085009,584202570,584268105,282343752,961028616,961159893,961159894,268964055,961028626,571347160,282671432,961159700,571085018,584792394,584857928,282933576,961159688,268964062,961094155,571150559,283130184,961028616,961159905,961094370
1.8440377e-18,585382216,585447752,9.080727e-29,0.0001918154,1.9118011e-18,6.2944375e-18,"b'I9\xe9""J9\xea""I9'",961028843,961094380,570953965,284047690,961094166,961028847,961094384,571281649,284309834,961028617,571674867,586430792,586496329,284571978,961094152,571150583,284703048,960963085,961159929,961028858,961028859,961159932,961159933,961028862
0.00076346094,977936896,977936897,2.781968e-29,0.0007634466,0.00076344627,0.0007710757,"b'\x05""J:\x06\x10\n""H:'",977805831,572395528,571030090,571095626,269171272,977805834,977936908,977936909,977805838,571871247,571488841,269564490,273228300,571619847,571685448,269761096,977936908,977871381,977805846,274337815,977936903,977936920,269684761,977805832
1.9253113e-18,270219848,977805831,1.8982066e-18,2.1308326e-18,3.1204904e-29,0.00076344685,"b'\x1f\x10\x06""I: ""J:'",269094945,570953736,572668488,270744136,977871368,977936932,977805861,570953766,572996168,271071818,977936903,977805865,977805866,977936939,570953772,573389386,271465032,977805835,977871407,977936944,570953777,271727177,977805838,977936947
0.0007710785,571150389,573979208,2.4831979e-18,2.4967508e-18,3.652972e-29,0.0007634466,"b':""H:;\x10\n""J:'",977936956,269226045,571674633,574503496,272579144,572198919,574634570,574700106,574765640,574831176,574896714,272972362,977805834,269750342,977805855,571936839,273168970,977871369,977805897,977805898,571150411,575421002,575486537,273562184
0.0007710763,977936975,977871440,2.1015055e-18,2.849116e-18,4.165731e-29,2.142151e-18,"b'J:T""I:U\x10\x08""'",576076360,576141898,576207434,274283080,570888200,576338504,576404042,576469578,576535112,274610760,977936906,977936991,977805920,977805921,977936994,571609187,275003978,977805834,977805925,570888294,577190474,577256009,275331656,977805835
0.00077108166,977937003,571150444,3.2150343e-18,3.228587e-18,3.2421398e-18,4.7376556e-29,"b'\x08\x10\x10""H:q""I:'",977937010,571281523,276052553,977805834,570953845,578173512,578239050,578304586,578370120,276445770,977936904,977805947,977805948,570888317,578697802,276773450,571412516,578828872,578894408,276970058,977936911,571150467,579091016,579156552
5.294349e-29,977936902,977805959,0.000763454,0.00077108346,0.0007710835,0.0007634542,"b'\x8c""H:\x8d\x10\n""J:'",571216014,579811914,277887560,977805837,977937041,977937042,977805971,977805972,571084949,580270666,278346313,977805831,977871512,977937049,977871514,268963995,977805830,977871516,977937053,977805982,977805983,977937056,977937057,977805986
0.0007634556,977937060,977937061,0.00076345576,0.0007634558,0.00077108527,0.0007710853,"b'\xaa\x10\x0e""H:\xab""H:'",977937068,977871533,977805998,977805999,977937072,977937073,977806002,977937075,977937076,977806005,977806006,977937079,977937080,977806009,571216058,582695496,582761034,582826570,280902216,977805836,977937087,977937088,977806017,977806018
2.047319e-18,583285322,281360969,0.0007634496,0.0007672723,0.00077108707,1.844032e-18,"b'J:\xc9\x10\x06""H:\xca""'",583744073,583809610,583875145,583940680,584006218,584071754,584137288,584202824,584268362,584333898,584399432,584464968,584530506,584596042,584661576,584727113,584792650,282868297,977805835,977871581,977937118,977871583,977806048,977871585
0.00077108864,977806051,570953956,6.213228e-18,6.2403337e-18,6.267439e-18,6.2945434e-18,"b'H:\xe9""J:\xea""J:'",977806059,977806060,977937133,977937134,977806063,977806064,977937137,977937138,977806067,977806068,977937141,977937142,977806071,977806072,977937145,977937146,977806075,977806076,977937149,977806078,994583295,994648576,994714113,994583042
0.003053785,994648580,994714117,0.0030537858,0.003053786,0.0030843038,0.003084304,"b'\n""H;\x0b""H;\x0c\x10'",994714120,994714125,994583054,994583055,994714128,994714129,994583058,994648595,994714132,994583061,994583062,994714135,994714136,994583065,994583066,994714139,994714140,994583069,994583070,994714143,571346976,572603210,572668744,572734280
2.2257532e-18,572865353,572930888,2.2664104e-18,2.2799633e-18,2.2935156e-18,2.307068e-18,"b'H;+\x10\x0c""J;,""'",573389641,573455176,573520714,573586250,573651784,573717320,271792970,994714119,571346996,573913928,573979464,574045002,574110538,574176072,272251720,994714129,994648635,994583100,994583101,994714174,994648639,571084864,574700360,574765897
2.6458815e-18,574896969,574962504,2.6865391e-18,2.7000916e-18,2.7136438e-18,2.7271963e-18,"b'J;J""J;K""H;'",994583116,994714189,994648654,994583119,994648656,994714193,994648658,994583123,994714196,994714197,994583126,994583127,994714200,994714201,994583130,994648667,994714204,994583133,994583134,994714207,994714208,994583137,994583138,994714211
0.0030843252,994583141,994583142,0.003084326,0.0030690674,1.857565e-18,3.1744297e-18,"b'I;k""J;l""I;'",994583149,994648686,994714223,994583152,994583153,994648690,994714227,994583156,994583157,994714230,994714231,994583160,994583161,994714234,994648699,994583164,994648701,994714238,994583167,994583168,994714241,994714242,994583171,571609220
3.611249e-18,579222346,579287882,3.692564e-18,3.719669e-18,3.746775e-18,3.77388e-18,"b'H;\x8c""H;\x8d""J;'",994583182,994583183,994714256,994714257,994583186,994583187,994714260,994714261,994583190,994583191,994714264,994648729,994583194,994714267,994714268,994648733,994583198,994714271,994714272,994583201,994583202,994714275,994714276,994583205
0.003053823,994714279,994648744,0.0030538237,0.003053824,0.0030843418,0.0030690832,"b'\xad""H;\xae""I;\xaf""'",581974858,582040393,582105928,582171466,582237002,582302536,582368072,582433610,280509258,994583062,994583225,994714298,994714299,994583228,571347133,582892361,582957898,583023432,583088968,583154506,583220042,583285576,583351112,583416650
5.4001833e-18,583547720,583613256,5.4814984e-18,5.5086035e-18,5.5357077e-18,5.5628128e-18,"b'J;\xce""J;\xcf""H;'",994583248,994714321,994714322,994583251,994583252,994714325,994583254,994583255,994714328,994714329,994583258,994583259,994714332,994714333,994583262,994583263,994714336,994714337,994583266,994583267,994714340,994648805,994583270,994648807
0.003084356,994583273,994583274,0.0030843567,0.003084357,0.0030538396,0.0030538398,"b'\xef""J;\xf0""J;\xf1""'",586300232,586365768,586431306,586496841,586562376,586627913,586693450,284769097,994583049,994714362,994714363,994583292,994583293,994714366,1011491583,1011360256,1011360257,1011491330,1011491331,1011360260,1011491333,1011491334,1011360263,1011360264
0.012337216,1011491338,1011360267,0.012215149,0.01233722,0.012337221,0.012215151,"b'\x10""H<\x11""J<\x12""'",571685961,571751496,571817034,571882570,571948104,572013640,572079178,572144714,572210248,572275785,572341322,572406857,572472392,572537930,270613578,1011360266,570953762,572734536,572800074,572865610,270941256,1011360404,1011491367,1011425832
0.012215176,1011491370,1011491371,0.012215178,0.012215179,0.012337251,0.012337252,"b'0\x10\x1f""H<1""H<'",1011491378,1011360307,570953780,573914184,271989834,1011491347,1011360311,1011360312,268963897,1011491341,1011491386,571150395,272383048,1011360273,1011491389,1011491390,570888255,574635080,574700616,574766154,272841801,1011360271,1011491396,571281477
2.686592e-18,575093832,273169480,0.012337215,1.8575583e-18,3.988392e-29,0.01221515,"b'K\x10\t""H<L""J<'",1011360333,1011360334,1011491407,570888272,575749194,575814728,575880264,273955914,1011425807,1011360341,268898390,1011425806,1011491415,1011425880,570822745,576339016,576404554,576470090,576535624,274611272,1011491337,1011491423,1011360352,1011360353
1.9117736e-18,576928842,576994376,3.10672e-18,3.120273e-18,4.5603162e-29,1.8710974e-18,"b'H<h""H<i\x10\x0b""'",577387594,275463242,1011360278,1011360364,1011491437,571347054,577715274,577780808,577846346,577911882,577977417,578042952,578108490,578174026,276249672,1011360267,1011491448,1011491449,1011360378,570953851,578567241,276642890,1011360266,1011360382
1.8575695e-18,276839498,1011491344,0.012215258,0.012215259,0.01233733,1.8846756e-18,"b'J<\x85""H<\x86""H<'",1011491463,1011425928,1011360393,1011491466,1011491467,1011360396,1011360397,1011491470,571084943,277888074,1011360271,1011360401,1011491474,1011491475,571019412,580205640,580271178,580336714,580402248,278477896,1011491338,1011491482,1011360411,1011360412
0.012337354,571019422,278871114,0.012215145,0.012276322,0.012337358,0.012337359,"b'\xa3\x10\t""H<\xa4""J<'",1011491493,575082662,581385288,581450824,279526474,1011491340,1011360426,1011360427,571150508,581778506,279854154,1011360267,1011425967,1011491504,1011360433,1011360434,1011491507,571019444,582302794,582368328,582433864,582499402,582564937,582630472
5.0750277e-18,582761546,582827080,5.156343e-18,5.1834487e-18,5.2105538e-18,5.237658e-18,"b'H<\xc2""J<\xc3\x10\t""'",583285834,583351368,583416906,583482442,583547976,583613512,583679050,583744586,583810120,583875656,281951306,1011425801,1011360463,570953936,584137802,584203338,584268872,584334408,282410058,1011425803,1011360470,1011426007,1011491544,1011426009
0.0122153405,1011426011,1011491548,0.012215343,0.012215344,0.0123374155,0.012337416,"b'\xe1""H<\xe2""I<\xe3""'",585382986,585448521,585514056,585579594,585645130,585710664,585776200,585841738,585907273,585972808,586038344,586103882,586169416,586234952,586300490,586366026,586431560,586497096,586562634,586628170,586693704,586759241,586824778,586890312
6.8368562e-18,587021386,587086922,1.00672643e-28,0.04886058,0.04934883,1.871096e-18,"b'I=\x02""H=\x03""I='",1028268548,1028137477,1028137478,1028268551,1028268552,1028137481,1028137482,1028268555,1028268556,1028137485,1028203022,1028268559,1028137488,1028137489,1028268562,1028268563,1028137492,1028137493,1028268566,1028268567,1028137496,571150361,572144968,572210506
2.1174384e-18,572341576,572407114,2.1580964e-18,2.1716485e-18,2.185201e-18,2.198754e-18,"b'J=#""H=$""H='",1028268581,1028203046,1028137511,1028268584,1028268585,1028137514,1028137515,1028268588,1028268589,1028137518,1028137519,1028268592,1028203057,1028137522,1028268595,1028268596,1028137525,571412534,574045512,574111050,574176586,574242120,574307656,574373194
2.5646722e-18,574504264,574569801,2.6053298e-18,2.6188822e-18,2.6324345e-18,2.6459874e-18,"b'J=D""H=E""H='",1028268614,1028268615,1028137544,1028203081,1028268618,1028203083,1028137548,1028268621,1028268622,1028137551,1028137552,1028268625,1028268626,1028137555,1028137556,1028268629,1028203094,1028137559,1028268632,1028268633,1028137562,1028137563,1028268636,1028268637
0.0488609,1028137567,1028268640,0.049105052,0.048860915,2.3590072e-18,3.0932208e-18,"b'J=e""H=f""H='",1028268647,1028268648,571609193,577387848,577453384,577518922,577584458,577649992,577715529,577781066,577846601,577912136,577977674,578043210,578108744,578174280,578239818,578305354,578370888,578436425,578501962,578567496,578633032,578698570
3.459139e-18,578829640,578895176,3.5301463e-18,3.5572513e-18,3.5843556e-18,3.611461e-18,"b'J=\x86""H=\x87""H='",1028268680,1028268681,571019402,579550536,579616072,579681610,579747146,579812680,579878217,579943754,580009288,580074824,580140362,580205898,580271432,580336968,580402506,580468042,580533576,580599112,580664650,580730185,580795720,580861258
